   
[
	{
		"name": "罗马_尼禄",
		"leaderName": "尼禄-克劳迪乌斯",
		"adjective": ["罗马人"],
		"startBias": ["Hill"],
		"preferredVictoryType": "Dominations",
		
		"startIntroPart1": "倍受人民爱戴的蔷薇皇帝、奥林匹亚之花、被一神教冠以七首十角首中一首三角的伟大的尼禄•克劳狄乌斯陛下！您的开明、亲近、仁慈、谨慎、慷慨被所有人赞颂，直到您改良刑法，保护民众才一切都变了…",
		"startIntroPart2": "伟大，贤明的暴君，罗马需要您的智慧与力量——没有您的领导罗马终究会迷失在纸醉金迷，外部熏陶之下，内部腐烂。您…能够真正的创造出经得起时间考验的文明吗？",
		
		"declaringWar": "很好，余接受你的挑战，准备好迎接失败吧!",
		"attacked": "帝国总是要前进的，征服也是必不可少的一环，所以为了罗马的未来，你的文明可以成为历史了!",
		"defeated": "终究只是孤身一人吗…请你善待罗马的公民，赶走暴君的反叛者.",
		"introduction": "唔姆，初次见面，这里是罗马～!",
		
		"neutralHello": "你好，罗马的朋友，请问有什么事吗？",
		"neutralLetsHearIt": ["Go on.","What do you say?","You may begin."],
		"neutralNo": ["We absolutely refuse.","No!","I refuse."],
		"neutralYes": ["Very good.","Of course, yes.","That is very good."],

		"hateHello": "哼，有什么想说的，别墨迹.",
		"hateLetsHearIt": ["Speak!","What do you say?","Go on."],
		"hateNo": ["That is not possible!","We are not agreeing to that!","I beg your pardon?"],
		"hateYes": ["That is fine.","That is good enough.","Very well..."],
		
		"afterPeace": "Very well, all that fighting was getting boring anyway.",
		"tradeRequest": "不错的交易，余准许了.",

		"outerColor": [109,0,205],
		"innerColor": [246,217,6],
		"unique": ["[+1 Happy] from all [Cultural] buildings"],
		"cities": ["Rome","Antium","Cumae","Neapolis","Ravenna","Arretium","Mediolanum","Arpinum","Circei","Setia",
			"Satricum","Ardea","Ostia","Velitrae","Viroconium","Tarentum","Brundisium","Caesaraugusta","Caesarea","Palmyra",
			"Signia","Aquileia","Clusium","Sutrium","Cremona","Placentia","Hispalis","Artaxata","Aurelianorum","Nicopolis",
			"Agrippina","Verona","Corfinium","Treverii","Sirmium","Augustadorum","Curia","Interrama","Adria",]
	}
]